idx,issue,preview
183,answer_not_in_options,ما هو العنصر الأساسي الذي يجب على المشتري الأول الالتزام به لضمان إتمام عملية الشراء وفق القوانين؟
187,answer_not_in_options,ما أهمية التسمية عند الوضوء بالنسبة للمجتمع المحلي من حيث الالتزام بالتقاليد والهوية الثقافية؟
191,answer_not_in_options,ما هو الدور الأساسي لذكر اسم الله قبل بدء الإبحار؟
194,answer_not_in_options,ما الدور الذي تلعبه التقنية الحديثة في تشكيل الاستراتيجيات العسكرية؟
438,low_arabic_ratio(0.65),ما هي إحدى المشكلات التي يمكن أن تواجهها عند تطوير موقع ويب باستخدام HTML وCSS وJavaScript؟
1265,low_arabic_ratio(0.59),ما السبب وراء استخدام مطوري JavaScript لأدوات مثل AngularJS وFirebase عند بناء التطبيقات الحديثة؟
1639,low_arabic_ratio(0.66),ما هي الخصائص التي تعبر عن القدرة على تخزين البيانات في تطبيقات AngularJS باستخدام Firebase؟
2026,low_arabic_ratio(0.68),في مشروعك الذي يعتمد على AngularJS وFirebase، ما هو ترتيب دولة قطر عالمياً في تصدير الغاز الطبيعي المسال؟
2353,answer_not_in_options,كيف يمكن للطالب الجامعي أن يتعامل مع القلق المالي بشيء من الحرص في بداية مسيرته الدراسية؟
2794,low_arabic_ratio(0.62),في أي شهر يبدأ تطبيق AngularJS في التحول إلى منصة متكاملة ومتكيفة مع Firebase؟
2944,low_arabic_ratio(0.68),ما السبب وراء تنوع وتعدد واجهات البرمجة في نظام Symbian OS؟
3279,answer_not_in_options,في ضوء التأثيرات التكنولوجية على مسار التاريخ، ما هي الخاصية الأقل تأثيرًا في تطور الحروب واستراتيجياتها؟
3353,low_arabic_ratio(0.67),أي من المكتبات التالية تُعدّ جزءاً مهماً لتطوير تطبيقات الويب باستخدام AngularJS و Firebase؟
3690,answer_not_in_options,"ضمن خطة ناسا للاستكشاف الشمسي، أي من الكواكب التالية يمتلك قطرًا يعادل تقريبًا 11,850 كيلومترًا، مما يجعله مشابهًا لحجم "
3845,low_arabic_ratio(0.62),كيف يختلف الموقع الإلكتروني الذي يتم إنشاؤه بلغة HTML و CSS و JavaScript عن الموقع الذي يعتمد على منصات جاهزة مثل WordPr
3882,low_arabic_ratio(0.66),ما هو السبب وراء تسمية تقنية AngularJS بهذا الاسم؟
3891,low_arabic_ratio(0.49),ما السبب وراء تسمية مكتبة JavaScript 'React'؟
3947,low_arabic_ratio(0.64),أي مدينة في قطر ازدهرت بسبب استخدام AngularJS وFirebase في تطوير مشاريع تقنية حديثة؟
3951,answer_not_in_options,ما هي المدينة القطرية التي أصبحت رمزا للتغيير بعد اكتشاف البترول الذي قلب الموازين الاقتصادية في قطر؟
4114,low_arabic_ratio(0.70),كمبرمج يعتمد على AngularJS وFirebase، ما هي واحدة من الممارسات الجيدة عند بناء تجربة مستخدم سلسة على تطبيق الويب الخاص ب
4528,low_arabic_ratio(0.62),كمطور JavaScript، لماذا من المهم استخدام التخزين المؤقت للبيانات باستخدام Firebase في تطبيقات AngularJS؟
4766,low_arabic_ratio(0.69),في تطوير تطبيق باستخدام AngularJS وFirebase، من هو المطور الذي يُعتبر مرجعاً أساسياً في بناء هذه التقنية؟
4919,low_arabic_ratio(0.67),في سياق تطوير تطبيق ويب شامل باستخدام AngularJS وFirebase، في أي عام تم تأسيس أول جمعية تهتم بدعم الأسرة في قطر؟
5884,low_arabic_ratio(0.65),ما هي المساحة الإجمالية التي تشغلها تطبيقات AngularJS وFirebase على خوادم جوجل؟
6225,low_arabic_ratio(0.70),ما هو العامل الأساسي الذي يحدد السيطرة على بنية وهيكل الموقع الإلكتروني من خلال لغات البرمجة مثل HTML وCSS وJavaScript؟
6241,answer_not_in_options,أي من المجموعات التالية تمثل الشركاء القانونيين في اليابان؟
6242,answer_not_in_options,في عالم العزف على الجيتار الكهربائي، أي من هذه الثنائيات تعتبر أساسيات يمكن أن تبني عليها لحنًا مبدعًا؟
6253,answer_not_in_options,أي من الشخصيات التالية يعزى نجاحها إلى توجيه المدرب في مجال التمثيل؟
6792,low_arabic_ratio(0.66),ما السبب الرئيسي في تميز اليمن في تطوير تطبيقات AngularJS مع Firebase مقارنة بباقي دول المنطقة؟
6878,low_arabic_ratio(0.62),من المبادرات التي تهدف لتعزيز الصحة العامة باستخدام AngularJS وFirebase:
7112,low_arabic_ratio(0.65),كيف تسهم التقنيات الحديثة في تطوير تطبيقات الويب باستخدام AngularJS وFirebase؟
7562,low_arabic_ratio(0.64),كيف ينبغي تضمين مكتبة JavaScript وملفات CSS في كود HTML لموقع ويب لضمان الأداء الأمثل؟
7649,low_arabic_ratio(0.62),أي من العمليات التالية لا تحدث أثناء كتابة كود HTML وCSS وJavaScript لموقع ويب؟
7939,low_arabic_ratio(0.67),في تطوير تطبيقات الويب باستخدام AngularJS وFirebase، ما الذي يمكن أن يؤثر بشكل سريع على أداء التطبيق؟
8134,low_arabic_ratio(0.68),ما هو المسار البحري الأكثر أهمية لناقلات النفط في العالم، استناداً إلى أداء فرق كرة القدم الشهيرة مثل 49ers وGeorgia Bul
8168,low_arabic_ratio(0.68),كيف يمكن لمطور يعمل بـ AngularJS و Firebase تحسين أداء التطبيق المرتبط بإدارة البيانات الزراعية؟
8434,low_arabic_ratio(0.60),كيف يمكن لتكامل AngularJS مع Firebase أن يساهم في تطوير تطبيقات الويب؟
8562,low_arabic_ratio(0.66),ما هي أحد الأسباب التي تدفع المطورين لاستخدام Firebase في تطوير التطبيقات مع AngularJS؟
